scene,corruption,severity,param,n_points,recall,fp,obj_pts,recall_0_20,pts_per_obj_0_20,recall_20_40,pts_per_obj_20_40,recall_40_60,pts_per_obj_40_60,health,worst_component
0,clean,0,0,19731,1.0,3,1.0,1.0,239.53846153846155,1.0,25.6,1.0,10.5,0.9741056565036614,ground_flatness
0,dropout,1,0.2,15727,1.0,16,0.8020226785167024,1.0,192.30769230769232,1.0,20.0,1.0,8.5,0.8858809380976119,return_rate
0,dropout,2,0.4,11816,1.0,23,0.6000612932883849,1.0,143.23076923076923,1.0,16.6,1.0,6.5,0.6655795234031527,return_rate
0,dropout,3,0.6,7869,0.95,17,0.39166411277965063,1.0,94.07692307692308,1.0,10.0,0.5,2.5,0.0,sector_coverage
0,dropout,4,0.8,3934,0.75,23,0.2050260496475636,1.0,48.84615384615385,0.4,5.8,0.0,2.5,0.0,beam_coverage
0,dropout,5,0.9,2006,0.6,21,0.1029727244866687,0.9230769230769231,24.923076923076923,0.0,2.4,0.0,0.0,0.0,beam_coverage
0,gaussian_noise,1,0.02,19731,1.0,3,1.0,1.0,239.53846153846155,1.0,25.6,1.0,10.5,0.9801450245073765,ground_flatness
0,gaussian_noise,2,0.05,19731,1.0,6,1.0,1.0,239.53846153846155,1.0,25.6,1.0,10.5,0.9296279371170624,ground_flatness
0,gaussian_noise,3,0.1,19731,1.0,13,1.0,1.0,239.53846153846155,1.0,25.6,1.0,10.5,0.6314706272521851,ground_flatness
0,gaussian_noise,4,0.15,19731,0.8,31,1.0,0.6923076923076923,239.53846153846155,1.0,25.6,1.0,10.5,0.2733685250276451,ground_flatness
0,gaussian_noise,5,0.25,19731,0.7,73,1.0,0.5384615384615384,239.53846153846155,1.0,25.6,1.0,10.5,0.0,ground_flatness
0,beam_missing,1,0.2,15517,1.0,3,0.8418633159669017,1.0,199.84615384615384,1.0,25.6,1.0,10.5,0.782608695652174,beam_coverage
0,beam_missing,2,0.4,12255,1.0,4,0.6377566656451119,1.0,151.3846153846154,1.0,18.4,1.0,10.5,0.6086956521739131,beam_coverage
0,beam_missing,3,0.6,7755,1.0,4,0.46092552865461234,1.0,107.0,1.0,18.4,1.0,10.5,0.0,sector_coverage
0,beam_missing,4,0.75,4500,0.85,5,0.1618142813361937,0.9230769230769231,37.0,0.8,7.6,0.5,4.5,0.0,sector_coverage
0,beam_missing,5,0.875,2414,0.85,5,0.2347532945142507,0.9230769230769231,53.0,0.8,13.6,0.5,4.5,0.0,sector_coverage
0,packet_loss,1,0.05,18717,0.95,2,0.9831443456941464,1.0,238.0,0.8,18.6,1.0,10.5,0.9510845629281661,ground_flatness
0,packet_loss,2,0.1,17583,1.0,5,0.8945755439779344,1.0,213.07692307692307,1.0,25.6,1.0,10.5,0.9722222222222222,sector_coverage
0,packet_loss,3,0.2,15770,0.95,11,0.8256205945448973,1.0,198.3846153846154,0.8,18.8,1.0,10.5,0.8883030707572543,return_rate
0,packet_loss,4,0.3,13908,0.8,12,0.6420471958320564,0.7692307692307693,150.15384615384616,1.0,25.6,0.5,7.5,0.7834190937280847,return_rate
0,packet_loss,5,0.5,9584,0.75,14,0.2978853815507202,0.8461538461538461,70.76923076923077,0.4,8.6,1.0,4.5,0.4166666666666667,sector_coverage
0,fog,1,0.005,17777,0.95,21,0.8982531412810297,0.9230769230769231,217.15384615384616,1.0,18.6,1.0,7.5,0.6568599876244585,near_clutter
0,fog,2,0.01,16046,0.9,30,0.7995709469813056,0.9230769230769231,194.3846153846154,1.0,14.8,0.5,4.0,0.1368565374548174,near_clutter
0,fog,3,0.02,13436,0.6,20,0.657983450812136,0.7692307692307693,162.69230769230768,0.4,6.2,0.0,0.5,0.0,near_clutter
0,fog,4,0.03,11576,0.65,26,0.5350904076003677,0.7692307692307693,132.07692307692307,0.6,5.6,0.0,0.5,0.0,near_clutter
0,fog,5,0.06,8363,0.3,16,0.29941771376034326,0.46153846153846156,74.61538461538461,0.0,1.4,0.0,0.0,0.0,near_clutter
0,motion_smear,1,5,19731,0.95,5,1.0,1.0,239.53846153846155,1.0,25.6,0.5,10.5,0.9707258209726712,ground_flatness
0,motion_smear,2,10,19731,0.9,6,1.0,1.0,239.53846153846155,0.8,25.6,0.5,10.5,0.9757642387379375,ground_flatness
0,motion_smear,3,15,19731,0.85,7,1.0,0.9230769230769231,239.53846153846155,0.8,25.6,0.5,10.5,0.9837063641790373,ground_flatness
0,motion_smear,4,20,19731,0.9,6,1.0,0.9230769230769231,239.53846153846155,1.0,25.6,0.5,10.5,0.9927069696147428,ground_flatness
0,motion_smear,5,30,19731,0.6,12,1.0,0.5384615384615384,239.53846153846155,0.8,25.6,0.5,10.5,0.9986381370639503,ground_flatness
0,motion+deskew,1,5,19731,1.0,3,1.0,1.0,239.53846153846155,1.0,25.6,1.0,10.5,0.9751231591202995,ground_flatness
0,motion+deskew,2,10,19731,1.0,3,1.0,1.0,239.53846153846155,1.0,25.6,1.0,10.5,0.9754320679995623,ground_flatness
0,motion+deskew,3,15,19731,1.0,3,1.0,1.0,239.53846153846155,1.0,25.6,1.0,10.5,0.9836022697448163,ground_flatness
0,motion+deskew,4,20,19731,1.0,3,1.0,1.0,239.53846153846155,1.0,25.6,1.0,10.5,0.9816289628839293,ground_flatness
0,motion+deskew,5,30,19731,1.0,3,1.0,1.0,239.53846153846155,1.0,25.6,1.0,10.5,0.980171035947572,ground_flatness
1,clean,0,0,19733,1.0,3,1.0,1.0,354.3636363636364,1.0,44.42857142857143,1.0,12.0,1.0,return_rate
1,dropout,1,0.2,15825,1.0,11,0.8034490904795654,1.0,285.09090909090907,1.0,34.714285714285715,1.0,11.0,0.8914011474149366,return_rate
1,dropout,2,0.4,11699,1.0,13,0.5998110087408457,1.0,213.63636363636363,1.0,25.571428571428573,1.0,5.0,0.658989069422265,return_rate
1,dropout,3,0.6,7950,0.95,15,0.40066146940703995,1.0,140.36363636363637,1.0,20.714285714285715,0.5,3.5,0.0,sector_coverage
1,dropout,4,0.8,4040,0.85,19,0.2076541459957477,1.0,74.0909090909091,0.8571428571428571,8.571428571428571,0.0,2.0,0.0,beam_coverage
1,dropout,5,0.9,2053,0.55,28,0.10961493030947318,0.9090909090909091,39.0,0.14285714285714285,4.428571428571429,0.0,2.0,0.0,beam_coverage
1,gaussian_noise,1,0.02,19733,1.0,3,1.0,1.0,354.3636363636364,1.0,44.42857142857143,1.0,12.0,1.0,return_rate
1,gaussian_noise,2,0.05,19733,1.0,6,1.0,1.0,354.3636363636364,1.0,44.42857142857143,1.0,12.0,0.9516175572691992,ground_flatness
1,gaussian_noise,3,0.1,19733,1.0,14,1.0,1.0,354.3636363636364,1.0,44.42857142857143,1.0,12.0,0.6538087832430479,ground_flatness
1,gaussian_noise,4,0.15,19733,0.8,26,1.0,0.6363636363636364,354.3636363636364,1.0,44.42857142857143,1.0,12.0,0.2949097698246357,ground_flatness
1,gaussian_noise,5,0.25,19733,0.75,64,1.0,0.6363636363636364,354.3636363636364,0.8571428571428571,44.42857142857143,1.0,12.0,0.0,ground_flatness
1,beam_missing,1,0.2,16133,1.0,4,0.7569099929128278,1.0,269.1818181818182,1.0,31.285714285714285,1.0,12.0,0.8260869565217391,beam_coverage
1,beam_missing,2,0.4,10119,1.0,5,0.4143633356957241,1.0,147.54545454545453,1.0,17.0,1.0,6.0,0.5217391304347826,beam_coverage
1,beam_missing,3,0.6,8829,1.0,2,0.3321521379636192,1.0,118.54545454545455,1.0,12.857142857142858,1.0,6.0,0.0,sector_coverage
1,beam_missing,4,0.75,4386,0.2,0,0.14977557287975432,0.36363636363636365,57.63636363636363,0.0,0.0,0.0,0.0,0.0,sector_coverage
1,beam_missing,5,0.875,2700,0.9,8,0.22820694542877393,0.9090909090909091,75.0,1.0,18.428571428571427,0.5,6.0,0.0,sector_coverage
1,packet_loss,1,0.05,18692,1.0,3,0.9539333805811481,1.0,336.6363636363636,1.0,44.42857142857143,1.0,12.0,1.0,return_rate
1,packet_loss,2,0.1,17609,0.95,4,0.9225135837467517,1.0,325.8181818181818,1.0,43.57142857142857,0.5,8.0,0.9722222222222222,sector_coverage
1,packet_loss,3,0.2,15744,0.95,8,0.7710843373493976,1.0,275.1818181818182,0.8571428571428571,30.428571428571427,1.0,12.0,0.8868385254281683,return_rate
1,packet_loss,4,0.3,13907,0.95,9,0.6572171037089535,1.0,228.36363636363637,0.8571428571428571,35.142857142857146,1.0,12.0,0.7777777777777778,sector_coverage
1,packet_loss,5,0.5,9656,0.8,14,0.4609024332624616,0.9090909090909091,164.1818181818182,0.7142857142857143,18.428571428571427,0.5,8.0,0.5439096037559954,return_rate
1,fog,1,0.005,17788,0.95,21,0.8960548074651548,0.9090909090909091,321.72727272727275,1.0,34.285714285714285,1.0,7.0,0.5783674387227344,near_clutter
1,fog,2,0.01,16116,0.85,27,0.8086463501063076,0.9090909090909091,294.09090909090907,1.0,26.142857142857142,0.0,2.5,0.09406800694961526,near_clutter
1,fog,3,0.02,13571,0.75,27,0.6442239546420978,0.8181818181818182,237.45454545454547,0.8571428571428571,15.857142857142858,0.0,2.0,0.0,near_clutter
1,fog,4,0.03,11826,0.65,20,0.5513819985825655,0.8181818181818182,207.0,0.5714285714285714,8.142857142857142,0.0,0.0,0.0,near_clutter
1,fog,5,0.06,8437,0.35,25,0.3132530120481928,0.6363636363636364,118.72727272727273,0.0,2.857142857142857,0.0,0.0,0.0,near_clutter
1,motion_smear,1,5,19733,0.95,4,1.0,1.0,354.3636363636364,1.0,44.42857142857143,0.5,12.0,1.0,return_rate
1,motion_smear,2,10,19733,0.9,6,1.0,1.0,354.3636363636364,0.8571428571428571,44.42857142857143,0.5,12.0,1.0,return_rate
1,motion_smear,3,15,19733,0.9,6,1.0,1.0,354.3636363636364,0.8571428571428571,44.42857142857143,0.5,12.0,1.0,return_rate
1,motion_smear,4,20,19733,0.9,6,1.0,1.0,354.3636363636364,0.8571428571428571,44.42857142857143,0.5,12.0,1.0,return_rate
1,motion_smear,5,30,19733,0.75,9,1.0,0.8181818181818182,354.3636363636364,0.7142857142857143,44.42857142857143,0.5,12.0,1.0,return_rate
1,motion+deskew,1,5,19733,1.0,3,1.0,1.0,354.3636363636364,1.0,44.42857142857143,1.0,12.0,1.0,return_rate
1,motion+deskew,2,10,19733,1.0,3,1.0,1.0,354.3636363636364,1.0,44.42857142857143,1.0,12.0,1.0,return_rate
1,motion+deskew,3,15,19733,1.0,3,1.0,1.0,354.3636363636364,1.0,44.42857142857143,1.0,12.0,1.0,return_rate
1,motion+deskew,4,20,19733,1.0,3,1.0,1.0,354.3636363636364,1.0,44.42857142857143,1.0,12.0,1.0,return_rate
1,motion+deskew,5,30,19733,1.0,3,1.0,1.0,354.3636363636364,1.0,44.42857142857143,1.0,12.0,1.0,return_rate
2,clean,0,0,19703,0.8571428571428571,0,1.0,0.8461538461538461,439.0,0.8571428571428571,21.0,1.0,8.0,0.981121818054981,ground_flatness
2,dropout,1,0.2,15763,0.8571428571428571,7,0.7947799385875128,0.8461538461538461,348.3076923076923,0.8571428571428571,17.571428571428573,1.0,8.0,0.8879087700917312,return_rate
2,dropout,2,0.4,11844,0.8095238095238095,14,0.5987717502558854,0.8461538461538461,262.6923076923077,0.8571428571428571,13.0,0.0,4.0,0.6671567260652455,return_rate
2,dropout,3,0.6,8012,0.7142857142857143,21,0.40924599112930743,0.8461538461538461,179.07692307692307,0.5714285714285714,9.857142857142858,0.0,2.0,0.0,sector_coverage
2,dropout,4,0.8,3871,0.5714285714285714,19,0.19873763220743773,0.7692307692307693,87.07692307692308,0.2857142857142857,4.285714285714286,0.0,3.0,0.0,beam_coverage
2,dropout,5,0.9,2039,0.47619047619047616,20,0.10491299897645855,0.6923076923076923,46.23076923076923,0.14285714285714285,2.0,0.0,0.0,0.0,beam_coverage
2,gaussian_noise,1,0.02,19703,0.8571428571428571,1,1.0,0.8461538461538461,439.0,0.8571428571428571,21.0,1.0,8.0,0.9727789488078324,ground_flatness
2,gaussian_noise,2,0.05,19703,0.8571428571428571,5,1.0,0.8461538461538461,439.0,0.8571428571428571,21.0,1.0,8.0,0.8596155698265607,ground_flatness
2,gaussian_noise,3,0.1,19703,0.8095238095238095,13,1.0,0.6923076923076923,439.0,1.0,21.0,1.0,8.0,0.5991657889811584,ground_flatness
2,gaussian_noise,4,0.15,19703,0.7142857142857143,23,1.0,0.5384615384615384,439.0,1.0,21.0,1.0,8.0,0.21498615135710986,ground_flatness
2,gaussian_noise,5,0.25,19703,0.6190476190476191,57,1.0,0.38461538461538464,439.0,1.0,21.0,1.0,8.0,0.0,ground_flatness
2,beam_missing,1,0.2,15203,0.8571428571428571,0,0.7330262708973047,0.8461538461538461,318.61538461538464,0.8571428571428571,21.0,1.0,8.0,0.782608695652174,beam_coverage
2,beam_missing,2,0.4,12227,0.7619047619047619,0,0.5939952234732173,0.6923076923076923,262.61538461538464,0.8571428571428571,8.571428571428571,1.0,8.0,0.6086956521739131,beam_coverage
2,beam_missing,3,0.6,7814,0.6666666666666666,3,0.36318662572500854,0.7692307692307693,159.6153846153846,0.5714285714285714,7.714285714285714,0.0,0.0,0.0,sector_coverage
2,beam_missing,4,0.75,5199,0.8095238095238095,2,0.28607983623336747,0.7692307692307693,123.0,0.8571428571428571,10.0,1.0,8.0,0.0,sector_coverage
2,beam_missing,5,0.875,3513,0.6190476190476191,0,0.1403957693619925,0.46153846153846156,58.07692307692308,0.8571428571428571,8.571428571428571,1.0,8.0,0.0,sector_coverage
2,packet_loss,1,0.05,18658,0.8571428571428571,0,0.9570112589559877,0.8461538461538461,419.6923076923077,0.8571428571428571,20.857142857142858,1.0,8.0,0.9722222222222222,sector_coverage
2,packet_loss,2,0.1,17529,0.8571428571428571,2,0.895769361992494,0.8461538461538461,392.0,0.8571428571428571,21.0,1.0,8.0,0.9444444444444444,sector_coverage
2,packet_loss,3,0.2,15740,0.8095238095238095,6,0.798532923916752,0.7692307692307693,348.38461538461536,0.8571428571428571,20.571428571428573,1.0,8.0,0.886613210762155,return_rate
2,packet_loss,4,0.3,14050,0.7619047619047619,9,0.7400204708290685,1.0,327.2307692307692,0.42857142857142855,12.0,0.0,0.0,0.7914177643715551,return_rate
2,packet_loss,5,0.5,9770,0.6666666666666666,10,0.4554759467758444,0.9230769230769231,203.53846153846155,0.14285714285714285,2.2857142857142856,1.0,8.0,0.4722222222222222,sector_coverage
2,fog,1,0.005,17894,0.8095238095238095,16,0.9215284885704538,0.7692307692307693,406.38461538461536,0.8571428571428571,16.142857142857142,1.0,6.0,0.5193919749636751,near_clutter
2,fog,2,0.01,16244,0.8571428571428571,24,0.8329921528488571,1.0,368.38461538461536,0.7142857142857143,13.0,0.0,3.0,0.01809899039645413,near_clutter
2,fog,3,0.02,13864,0.5714285714285714,22,0.7059024223814397,0.7692307692307693,315.0769230769231,0.2857142857142857,5.857142857142857,0.0,1.0,0.0,near_clutter
2,fog,4,0.03,12146,0.6190476190476191,20,0.6064483111566018,0.7692307692307693,271.15384615384613,0.42857142857142855,4.0,0.0,2.0,0.0,near_clutter
2,fog,5,0.06,8768,0.38095238095238093,19,0.36983964517229617,0.6153846153846154,166.46153846153845,0.0,0.42857142857142855,0.0,1.0,0.0,near_clutter
2,motion_smear,1,5,19703,0.8571428571428571,0,1.0,0.8461538461538461,439.0,0.8571428571428571,21.0,1.0,8.0,0.9785058321292561,ground_flatness
2,motion_smear,2,10,19703,0.7619047619047619,2,1.0,0.7692307692307693,439.0,0.7142857142857143,21.0,1.0,8.0,0.9882381041702473,ground_flatness
2,motion_smear,3,15,19703,0.7142857142857143,3,1.0,0.6923076923076923,439.0,0.7142857142857143,21.0,1.0,8.0,0.9856941247027522,ground_flatness
2,motion_smear,4,20,19703,0.6190476190476191,5,1.0,0.5384615384615384,439.0,0.7142857142857143,21.0,1.0,8.0,0.975907644843104,ground_flatness
2,motion_smear,5,30,19703,0.5238095238095238,7,1.0,0.46153846153846156,439.0,0.5714285714285714,21.0,1.0,8.0,0.913609956663356,ground_flatness
2,motion+deskew,1,5,19703,0.8571428571428571,0,1.0,0.8461538461538461,439.0,0.8571428571428571,21.0,1.0,8.0,0.9809175612583141,ground_flatness
2,motion+deskew,2,10,19703,0.8571428571428571,0,1.0,0.8461538461538461,439.0,0.8571428571428571,21.0,1.0,8.0,0.9808149781990809,ground_flatness
2,motion+deskew,3,15,19703,0.8571428571428571,0,1.0,0.8461538461538461,439.0,0.8571428571428571,21.0,1.0,8.0,0.9825542823963167,ground_flatness
2,motion+deskew,4,20,19703,0.8571428571428571,0,1.0,0.8461538461538461,439.0,0.8571428571428571,21.0,1.0,8.0,0.9827113953704277,ground_flatness
2,motion+deskew,5,30,19703,0.8571428571428571,0,1.0,0.8461538461538461,439.0,0.8571428571428571,21.0,1.0,8.0,0.9846036350891225,ground_flatness
3,clean,0,0,19728,1.0,0,1.0,1.0,500.75,1.0,16.0,nan,nan,0.9398689032101649,ground_flatness
3,dropout,1,0.2,15781,1.0,9,0.7933710590137429,1.0,397.5833333333333,1.0,12.363636363636363,nan,nan,0.8889226860887909,return_rate
3,dropout,2,0.4,11863,1.0,15,0.6019401778496363,1.0,300.9166666666667,1.0,10.181818181818182,nan,nan,0.6682269707288084,return_rate
3,dropout,3,0.6,7819,0.9130434782608695,14,0.40274858528698465,1.0,201.41666666666666,0.8181818181818182,6.7272727272727275,nan,nan,0.0,sector_coverage
3,dropout,4,0.8,4081,0.6956521739130435,18,0.21083265966046888,0.9166666666666666,105.66666666666667,0.45454545454545453,3.272727272727273,nan,nan,0.0,beam_coverage
3,dropout,5,0.9,1943,0.43478260869565216,19,0.09603880355699272,0.8333333333333334,48.75,0.0,0.8181818181818182,nan,nan,0.0,beam_coverage
3,gaussian_noise,1,0.02,19728,1.0,0,1.0,1.0,500.75,1.0,16.0,nan,nan,0.9184659755986228,ground_flatness
3,gaussian_noise,2,0.05,19728,1.0,1,1.0,1.0,500.75,1.0,16.0,nan,nan,0.8449143972961617,ground_flatness
3,gaussian_noise,3,0.1,19728,0.9565217391304348,12,1.0,0.9166666666666666,500.75,1.0,16.0,nan,nan,0.584294752539835,ground_flatness
3,gaussian_noise,4,0.15,19728,0.7391304347826086,26,1.0,0.5,500.75,1.0,16.0,nan,nan,0.2132537053289758,ground_flatness
3,gaussian_noise,5,0.25,19728,0.6086956521739131,57,1.0,0.3333333333333333,500.75,0.9090909090909091,16.0,nan,nan,0.0,ground_flatness
3,beam_missing,1,0.2,17028,1.0,0,0.8341147938561034,1.0,415.25,1.0,16.0,nan,nan,0.8695652173913043,beam_coverage
3,beam_missing,2,0.4,9276,0.6956521739130435,2,0.4662894098625707,0.8333333333333334,233.83333333333334,0.5454545454545454,7.090909090909091,nan,nan,0.0,sector_coverage
3,beam_missing,3,0.6,7414,1.0,1,0.31592562651576395,1.0,151.25,1.0,12.636363636363637,nan,nan,0.0,sector_coverage
3,beam_missing,4,0.75,3876,0.5652173913043478,4,0.1841552142279709,0.8333333333333334,91.83333333333333,0.2727272727272727,3.3636363636363638,nan,nan,0.0,sector_coverage
3,beam_missing,5,0.875,2700,0.43478260869565216,4,0.16669361358124496,0.8333333333333334,85.41666666666667,0.0,0.5454545454545454,nan,nan,0.0,sector_coverage
3,packet_loss,1,0.05,18648,1.0,1,0.87696038803557,1.0,437.3333333333333,1.0,16.0,nan,nan,0.9736701586357468,ground_flatness
3,packet_loss,2,0.1,17671,0.9130434782608695,0,0.9149555375909458,1.0,460.5,0.8181818181818182,12.090909090909092,nan,nan,0.92385991513616,ground_flatness
3,packet_loss,3,0.2,15805,0.9130434782608695,5,0.8129345189975747,1.0,408.5833333333333,0.8181818181818182,11.363636363636363,nan,nan,0.8902745740848704,return_rate
3,packet_loss,4,0.3,13905,0.9565217391304348,4,0.7033144704931286,1.0,351.0,0.9090909090909091,12.545454545454545,nan,nan,0.7777777777777778,sector_coverage
3,packet_loss,5,0.5,9770,0.6521739130434783,14,0.525141471301536,0.8333333333333334,264.9166666666667,0.45454545454545453,6.2727272727272725,nan,nan,0.4722222222222222,sector_coverage
3,fog,1,0.005,17954,0.9565217391304348,17,0.9198059822150364,0.9166666666666666,462.8333333333333,1.0,12.272727272727273,nan,nan,0.5961902640080204,near_clutter
3,fog,2,0.01,16332,0.8260869565217391,21,0.8465642683912692,0.75,427.8333333333333,0.9090909090909091,9.272727272727273,nan,nan,0.026451138868479163,near_clutter
3,fog,3,0.02,13949,0.5652173913043478,24,0.7178658043654002,0.75,366.0,0.36363636363636365,4.363636363636363,nan,nan,0.0,near_clutter
3,fog,4,0.03,12254,0.391304347826087,22,0.6077607113985448,0.6666666666666666,311.3333333333333,0.09090909090909091,2.090909090909091,nan,nan,0.0,near_clutter
3,fog,5,0.06,9017,0.34782608695652173,19,0.37752627324171384,0.6666666666666666,194.25,0.0,0.36363636363636365,nan,nan,0.0,near_clutter
3,motion_smear,1,5,19728,0.9130434782608695,2,1.0,0.9166666666666666,500.75,0.9090909090909091,16.0,nan,nan,0.9525862350704444,ground_flatness
3,motion_smear,2,10,19728,0.8260869565217391,4,1.0,0.9166666666666666,500.75,0.7272727272727273,16.0,nan,nan,0.9673059095184168,ground_flatness
3,motion_smear,3,15,19728,0.782608695652174,5,1.0,0.8333333333333334,500.75,0.7272727272727273,16.0,nan,nan,0.983109647638801,ground_flatness
3,motion_smear,4,20,19728,0.782608695652174,5,1.0,0.8333333333333334,500.75,0.7272727272727273,16.0,nan,nan,0.9917681433695797,ground_flatness
3,motion_smear,5,30,19728,0.6086956521739131,12,1.0,0.6666666666666666,500.75,0.5454545454545454,16.0,nan,nan,0.9809276048134725,ground_flatness
3,motion+deskew,1,5,19728,1.0,0,1.0,1.0,500.75,1.0,16.0,nan,nan,0.94114272238691,ground_flatness
3,motion+deskew,2,10,19728,1.0,0,1.0,1.0,500.75,1.0,16.0,nan,nan,0.9402812070452979,ground_flatness
3,motion+deskew,3,15,19728,1.0,0,1.0,1.0,500.75,1.0,16.0,nan,nan,0.9510118765194382,ground_flatness
3,motion+deskew,4,20,19728,1.0,0,1.0,1.0,500.75,1.0,16.0,nan,nan,0.9526713352532775,ground_flatness
3,motion+deskew,5,30,19728,1.0,0,1.0,1.0,500.75,1.0,16.0,nan,nan,0.9542777692561736,ground_flatness
4,clean,0,0,19723,0.85,1,1.0,0.7692307692307693,310.61538461538464,1.0,27.5,1.0,10.333333333333334,0.9205912034203863,ground_flatness
4,dropout,1,0.2,15775,0.8,11,0.7915769322804499,0.7692307692307693,245.84615384615384,1.0,21.75,0.6666666666666666,8.333333333333334,0.8885847140897709,return_rate
4,dropout,2,0.4,11828,0.75,21,0.6044508255563532,0.7692307692307693,187.6153846153846,1.0,17.25,0.3333333333333333,6.0,0.6662554674011925,return_rate
4,dropout,3,0.6,7813,0.65,18,0.39148121560181864,0.6923076923076923,121.61538461538461,1.0,10.75,0.0,4.0,0.0,sector_coverage
4,dropout,4,0.8,4003,0.55,16,0.1981335247666906,0.7692307692307693,61.76923076923077,0.25,5.0,0.0,1.6666666666666667,0.0,beam_coverage
4,dropout,5,0.9,1912,0.5,23,0.0973917205072984,0.7692307692307693,30.076923076923077,0.0,3.0,0.0,1.3333333333333333,0.0,beam_coverage
4,gaussian_noise,1,0.02,19723,0.85,2,1.0,0.7692307692307693,310.61538461538464,1.0,27.5,1.0,10.333333333333334,0.9107154283903397,ground_flatness
4,gaussian_noise,2,0.05,19723,0.85,2,1.0,0.7692307692307693,310.61538461538464,1.0,27.5,1.0,10.333333333333334,0.8305319041396168,ground_flatness
4,gaussian_noise,3,0.1,19723,0.85,15,1.0,0.7692307692307693,310.61538461538464,1.0,27.5,1.0,10.333333333333334,0.5692601265878756,ground_flatness
4,gaussian_noise,4,0.15,19723,0.75,22,1.0,0.6153846153846154,310.61538461538464,1.0,27.5,1.0,10.333333333333334,0.21667785549761576,ground_flatness
4,gaussian_noise,5,0.25,19723,0.55,53,1.0,0.38461538461538464,310.61538461538464,1.0,27.5,0.6666666666666666,10.333333333333334,0.0,ground_flatness
4,beam_missing,1,0.2,16123,0.85,1,0.7109356305336205,0.7692307692307693,220.6153846153846,1.0,18.0,1.0,10.333333333333334,0.8260869565217391,beam_coverage
4,beam_missing,2,0.4,10790,0.75,4,0.5065805216558985,0.6923076923076923,157.92307692307693,1.0,12.25,0.6666666666666666,5.0,0.5652173913043478,beam_coverage
4,beam_missing,3,0.6,9276,0.75,4,0.3414692510169897,0.6923076923076923,104.84615384615384,1.0,12.25,0.6666666666666666,5.0,0.0,sector_coverage
4,beam_missing,4,0.75,6014,0.4,0,0.18257956448911222,0.6153846153846154,58.69230769230769,0.0,0.0,0.0,0.0,0.0,sector_coverage
4,beam_missing,5,0.875,2700,0.05,0,0.06293371620004785,0.07692307692307693,20.23076923076923,0.0,0.0,0.0,0.0,0.0,sector_coverage
4,packet_loss,1,0.05,18691,0.85,1,0.9624312036372338,0.7692307692307693,301.3076923076923,1.0,18.5,1.0,10.333333333333334,0.9069488091433245,ground_flatness
4,packet_loss,2,0.1,17668,0.8,2,0.9047619047619048,0.7692307692307693,280.7692307692308,0.75,25.0,1.0,10.333333333333334,0.9113406577893243,ground_flatness
4,packet_loss,3,0.2,15819,0.8,6,0.8707824838478104,0.9230769230769231,274.0,0.5,13.0,0.6666666666666666,8.333333333333334,0.8611111111111112,sector_coverage
4,packet_loss,4,0.3,14049,0.65,8,0.7587939698492462,0.6153846153846154,234.76923076923077,0.5,22.0,1.0,10.333333333333334,0.7777777777777778,sector_coverage
4,packet_loss,5,0.5,9667,0.7,11,0.45752572385738216,0.8461538461538461,142.0,0.5,13.0,0.3333333333333333,4.666666666666667,0.5277777777777778,sector_coverage
4,fog,1,0.005,17757,0.75,25,0.8841828188561857,0.6923076923076923,276.46153846153845,1.0,20.25,0.6666666666666666,6.666666666666667,0.5297629104015318,near_clutter
4,fog,2,0.01,16225,0.65,36,0.7973199329983249,0.6923076923076923,251.07692307692307,1.0,14.75,0.0,3.0,0.01078582434514641,near_clutter
4,fog,3,0.02,13609,0.65,21,0.6298157453936348,0.7692307692307693,199.30769230769232,0.75,9.75,0.0,0.6666666666666666,0.0,near_clutter
4,fog,4,0.03,11858,0.45,21,0.5197415649676956,0.6153846153846154,165.30769230769232,0.25,5.0,0.0,1.0,0.0,near_clutter
4,fog,5,0.06,8348,0.4,16,0.2605886575735822,0.6153846153846154,83.61538461538461,0.0,0.5,0.0,0.0,0.0,near_clutter
4,motion_smear,1,5,19723,0.8,3,1.0,0.7692307692307693,310.61538461538464,1.0,27.5,0.6666666666666666,10.333333333333334,0.9254764526202505,ground_flatness
4,motion_smear,2,10,19723,0.8,4,1.0,0.7692307692307693,310.61538461538464,1.0,27.5,0.6666666666666666,10.333333333333334,0.9320197484772359,ground_flatness
4,motion_smear,3,15,19723,0.8,4,1.0,0.7692307692307693,310.61538461538464,1.0,27.5,0.6666666666666666,10.333333333333334,0.9400348893265533,ground_flatness
4,motion_smear,4,20,19723,0.8,5,1.0,0.7692307692307693,310.61538461538464,1.0,27.5,0.6666666666666666,10.333333333333334,0.9491164069149769,ground_flatness
4,motion_smear,5,30,19723,0.6,11,1.0,0.6153846153846154,310.61538461538464,0.75,27.5,0.3333333333333333,10.333333333333334,0.9534388384671614,ground_flatness
4,motion+deskew,1,5,19723,0.85,1,1.0,0.7692307692307693,310.61538461538464,1.0,27.5,1.0,10.333333333333334,0.9215372648834722,ground_flatness
4,motion+deskew,2,10,19723,0.85,1,1.0,0.7692307692307693,310.61538461538464,1.0,27.5,1.0,10.333333333333334,0.9267777988987969,ground_flatness
4,motion+deskew,3,15,19723,0.85,1,1.0,0.7692307692307693,310.61538461538464,1.0,27.5,1.0,10.333333333333334,0.9252657380663498,ground_flatness
4,motion+deskew,4,20,19723,0.85,1,1.0,0.7692307692307693,310.61538461538464,1.0,27.5,1.0,10.333333333333334,0.9282065352053113,ground_flatness
4,motion+deskew,5,30,19723,0.85,1,1.0,0.7692307692307693,310.61538461538464,1.0,27.5,1.0,10.333333333333334,0.9284497668474565,ground_flatness
5,clean,0,0,19721,1.0,0,1.0,1.0,161.07692307692307,1.0,32.25,1.0,10.0,1.0,return_rate
5,dropout,1,0.2,15775,1.0,15,0.8052497883149873,1.0,130.0,1.0,25.625,1.0,7.0,0.8885847140897709,return_rate
5,dropout,2,0.4,11860,0.9545454545454546,15,0.6168501270110076,1.0,99.53846153846153,0.875,19.75,1.0,5.0,0.6680579847292986,return_rate
5,dropout,3,0.6,7835,0.8181818181818182,18,0.3920406435224386,0.9230769230769231,63.76923076923077,0.75,11.625,0.0,4.0,0.0,sector_coverage
5,dropout,4,0.8,3978,0.8181818181818182,16,0.20702794242167655,0.9230769230769231,32.84615384615385,0.75,7.5,0.0,2.0,0.0,beam_coverage
5,dropout,5,0.9,1949,0.5,31,0.0855207451312447,0.6923076923076923,13.307692307692308,0.25,3.5,0.0,1.0,0.0,beam_coverage
5,gaussian_noise,1,0.02,19721,1.0,2,1.0,1.0,161.07692307692307,1.0,32.25,1.0,10.0,1.0,return_rate
5,gaussian_noise,2,0.05,19721,1.0,1,1.0,1.0,161.07692307692307,1.0,32.25,1.0,10.0,0.9975831100538652,ground_flatness
5,gaussian_noise,3,0.1,19721,1.0,9,1.0,1.0,161.07692307692307,1.0,32.25,1.0,10.0,0.68062091089619,ground_flatness
5,gaussian_noise,4,0.15,19721,0.7727272727272727,19,1.0,0.6153846153846154,161.07692307692307,1.0,32.25,1.0,10.0,0.28237578559683685,ground_flatness
5,gaussian_noise,5,0.25,19721,0.7272727272727273,64,1.0,0.5384615384615384,161.07692307692307,1.0,32.25,1.0,10.0,0.0,ground_flatness
5,beam_missing,1,0.2,15731,1.0,0,0.8746824724809483,1.0,140.53846153846155,1.0,28.625,1.0,10.0,0.782608695652174,beam_coverage
5,beam_missing,2,0.4,11076,0.9090909090909091,2,0.5753598645215918,1.0,96.07692307692308,0.875,13.75,0.0,0.0,0.5652173913043478,beam_coverage
5,beam_missing,3,0.6,8600,0.36363636363636365,0,0.3281117696867062,0.6153846153846154,59.61538461538461,0.0,0.0,0.0,0.0,0.0,sector_coverage
5,beam_missing,4,0.75,5114,0.36363636363636365,0,0.2578323454699407,0.6153846153846154,46.84615384615385,0.0,0.0,0.0,0.0,0.0,sector_coverage
5,beam_missing,5,0.875,2700,0.5909090909090909,2,0.1968670618120237,0.9230769230769231,33.53846153846154,0.125,3.625,0.0,0.0,0.0,sector_coverage
5,packet_loss,1,0.05,18653,1.0,0,0.8971210838272651,1.0,142.46153846153845,1.0,32.125,1.0,10.0,1.0,return_rate
5,packet_loss,2,0.1,17593,0.9545454545454546,0,0.8806096528365792,1.0,140.84615384615384,0.875,29.875,1.0,10.0,0.990990229792795,return_rate
5,packet_loss,3,0.2,15689,0.9545454545454546,5,0.7307366638441999,0.9230769230769231,115.46153846153847,1.0,26.875,1.0,10.0,0.883740448770486,return_rate
5,packet_loss,4,0.3,13949,0.7727272727272727,10,0.6985605419136325,0.7692307692307693,110.3076923076923,0.75,26.25,1.0,6.0,0.75,sector_coverage
5,packet_loss,5,0.5,9697,0.6818181818181818,15,0.5381033022861982,0.7692307692307693,88.46153846153847,0.625,15.125,0.0,0.0,0.4166666666666667,sector_coverage
5,fog,1,0.005,17653,0.9545454545454546,21,0.8903471634208298,1.0,146.3846153846154,1.0,24.25,0.0,6.0,0.6317906304877359,near_clutter
5,fog,2,0.01,16006,0.9090909090909091,27,0.7836579170194751,0.9230769230769231,130.0,1.0,19.625,0.0,4.0,0.07847057353492437,near_clutter
5,fog,3,0.02,13509,0.8181818181818182,23,0.6337849280270956,0.8461538461538461,107.6923076923077,0.875,12.125,0.0,0.0,0.0,near_clutter
5,fog,4,0.03,11385,0.5454545454545454,19,0.47671464860287893,0.6153846153846154,82.53846153846153,0.5,6.625,0.0,0.0,0.0,near_clutter
5,fog,5,0.06,8096,0.2727272727272727,25,0.2531752751905165,0.46153846153846156,45.38461538461539,0.0,1.0,0.0,0.0,0.0,sector_coverage
5,motion_smear,1,5,19721,1.0,0,1.0,1.0,161.07692307692307,1.0,32.25,1.0,10.0,1.0,return_rate
5,motion_smear,2,10,19721,0.9090909090909091,2,1.0,0.8461538461538461,161.07692307692307,1.0,32.25,1.0,10.0,1.0,return_rate
5,motion_smear,3,15,19721,0.9090909090909091,2,1.0,0.8461538461538461,161.07692307692307,1.0,32.25,1.0,10.0,1.0,return_rate
5,motion_smear,4,20,19721,0.8636363636363636,3,1.0,0.7692307692307693,161.07692307692307,1.0,32.25,1.0,10.0,1.0,return_rate
5,motion_smear,5,30,19721,0.6363636363636364,9,1.0,0.6153846153846154,161.07692307692307,0.625,32.25,1.0,10.0,1.0,return_rate
5,motion+deskew,1,5,19721,1.0,0,1.0,1.0,161.07692307692307,1.0,32.25,1.0,10.0,1.0,return_rate
5,motion+deskew,2,10,19721,1.0,0,1.0,1.0,161.07692307692307,1.0,32.25,1.0,10.0,1.0,return_rate
5,motion+deskew,3,15,19721,1.0,0,1.0,1.0,161.07692307692307,1.0,32.25,1.0,10.0,1.0,return_rate
5,motion+deskew,4,20,19721,1.0,0,1.0,1.0,161.07692307692307,1.0,32.25,1.0,10.0,1.0,return_rate
5,motion+deskew,5,30,19721,0.9545454545454546,2,1.0,0.9230769230769231,161.07692307692307,1.0,32.25,1.0,10.0,1.0,return_rate
6,clean,0,0,19719,1.0,3,1.0,1.0,267.15384615384613,1.0,27.666666666666668,1.0,13.333333333333334,1.0,return_rate
6,dropout,1,0.2,15753,1.0,17,0.8002174503941288,1.0,212.92307692307693,1.0,23.833333333333332,1.0,11.0,0.8873454834266981,return_rate
6,dropout,2,0.4,11859,1.0,17,0.6080456645827671,1.0,161.3846153846154,1.0,18.333333333333332,1.0,9.666666666666666,0.6680016560627953,return_rate
6,dropout,3,0.6,7981,0.9090909090909091,11,0.40038053818972547,1.0,106.6923076923077,0.8333333333333334,11.5,0.6666666666666666,5.666666666666667,0.0,sector_coverage
6,dropout,4,0.8,3846,0.6363636363636364,22,0.19162815982603967,0.9230769230769231,52.0,0.3333333333333333,3.8333333333333335,0.0,2.0,0.0,beam_coverage
6,dropout,5,0.9,1952,0.5454545454545454,27,0.1032889372111987,0.9230769230769231,28.0,0.0,2.0,0.0,1.3333333333333333,0.0,beam_coverage
6,gaussian_noise,1,0.02,19719,1.0,3,1.0,1.0,267.15384615384613,1.0,27.666666666666668,1.0,13.333333333333334,1.0,return_rate
6,gaussian_noise,2,0.05,19719,1.0,2,1.0,1.0,267.15384615384613,1.0,27.666666666666668,1.0,13.333333333333334,0.9127245369402277,ground_flatness
6,gaussian_noise,3,0.1,19719,1.0,13,1.0,1.0,267.15384615384613,1.0,27.666666666666668,1.0,13.333333333333334,0.6134248256855497,ground_flatness
6,gaussian_noise,4,0.15,19719,0.8636363636363636,30,1.0,0.7692307692307693,267.15384615384613,1.0,27.666666666666668,1.0,13.333333333333334,0.24551722433415735,ground_flatness
6,gaussian_noise,5,0.25,19719,0.6363636363636364,70,1.0,0.46153846153846156,267.15384615384613,1.0,27.666666666666668,0.6666666666666666,13.333333333333334,0.0,ground_flatness
6,beam_missing,1,0.2,17019,1.0,3,0.8211470508290296,1.0,216.53846153846155,1.0,27.666666666666668,1.0,13.333333333333334,0.8695652173913043,beam_coverage
6,beam_missing,2,0.4,10790,0.8181818181818182,1,0.41288393585213373,0.9230769230769231,111.07692307692308,0.6666666666666666,9.166666666666666,0.6666666666666666,6.666666666666667,0.5652173913043478,beam_coverage
6,beam_missing,3,0.6,8133,1.0,3,0.5778744223973906,1.0,151.92307692307693,1.0,18.5,1.0,13.333333333333334,0.0,sector_coverage
6,beam_missing,4,0.75,5400,0.8181818181818182,4,0.33514541995107366,0.9230769230769231,89.07692307692308,0.6666666666666666,9.166666666666666,0.6666666666666666,6.666666666666667,0.0,sector_coverage
6,beam_missing,5,0.875,2515,0.6363636363636364,2,0.038869257950530034,0.38461538461538464,5.153846153846154,1.0,9.333333333333334,1.0,6.666666666666667,0.0,sector_coverage
6,packet_loss,1,0.05,18640,1.0,4,0.9184561022016853,1.0,244.3846153846154,1.0,27.666666666666668,1.0,12.0,1.0,return_rate
6,packet_loss,2,0.1,17607,1.0,5,0.9103017124218538,1.0,241.76923076923077,1.0,27.666666666666668,1.0,13.333333333333334,0.9722222222222222,sector_coverage
6,packet_loss,3,0.2,15749,0.9545454545454546,9,0.7355259581407991,1.0,194.23076923076923,1.0,25.5,0.6666666666666666,9.333333333333334,0.8611111111111112,sector_coverage
6,packet_loss,4,0.3,13808,0.9090909090909091,16,0.651807556401196,1.0,169.92307692307693,0.6666666666666666,24.833333333333332,1.0,13.333333333333334,0.7777862270777534,return_rate
6,packet_loss,5,0.5,9709,0.7727272727272727,12,0.48301168795868443,0.7692307692307693,125.23076923076923,0.8333333333333334,20.5,0.6666666666666666,8.666666666666666,0.4722222222222222,sector_coverage
6,fog,1,0.005,17742,1.0,25,0.8915466159282414,1.0,241.07692307692307,1.0,20.333333333333332,1.0,8.0,0.5772742644572202,near_clutter
6,fog,2,0.01,16139,0.8181818181818182,22,0.7792878499592281,0.9230769230769231,211.84615384615384,0.8333333333333334,16.5,0.3333333333333333,4.666666666666667,0.15112460499411373,near_clutter
6,fog,3,0.02,13467,0.5909090909090909,26,0.6210926882304975,0.7692307692307693,171.76923076923077,0.5,7.833333333333333,0.0,1.6666666666666667,0.0,near_clutter
6,fog,4,0.03,11615,0.5454545454545454,17,0.49578689861375375,0.7692307692307693,136.76923076923077,0.3333333333333333,7.333333333333333,0.0,0.6666666666666666,0.0,near_clutter
6,fog,5,0.06,8140,0.36363636363636365,21,0.25115520521880946,0.6153846153846154,70.46153846153847,0.0,1.3333333333333333,0.0,0.0,0.0,sector_coverage
6,motion_smear,1,5,19719,0.9090909090909091,6,1.0,1.0,267.15384615384613,1.0,27.666666666666668,0.3333333333333333,13.333333333333334,1.0,return_rate
6,motion_smear,2,10,19719,0.8181818181818182,9,1.0,0.9230769230769231,267.15384615384613,0.8333333333333334,27.666666666666668,0.3333333333333333,13.333333333333334,1.0,return_rate
6,motion_smear,3,15,19719,0.7727272727272727,11,1.0,0.8461538461538461,267.15384615384613,0.8333333333333334,27.666666666666668,0.3333333333333333,13.333333333333334,1.0,return_rate
6,motion_smear,4,20,19719,0.7272727272727273,12,1.0,0.7692307692307693,267.15384615384613,0.8333333333333334,27.666666666666668,0.3333333333333333,13.333333333333334,1.0,return_rate
6,motion_smear,5,30,19719,0.5909090909090909,15,1.0,0.6153846153846154,267.15384615384613,0.6666666666666666,27.666666666666668,0.3333333333333333,13.333333333333334,1.0,return_rate
6,motion+deskew,1,5,19719,1.0,3,1.0,1.0,267.15384615384613,1.0,27.666666666666668,1.0,13.333333333333334,1.0,return_rate
6,motion+deskew,2,10,19719,1.0,3,1.0,1.0,267.15384615384613,1.0,27.666666666666668,1.0,13.333333333333334,1.0,return_rate
6,motion+deskew,3,15,19719,1.0,3,1.0,1.0,267.15384615384613,1.0,27.666666666666668,1.0,13.333333333333334,1.0,return_rate
6,motion+deskew,4,20,19719,1.0,3,1.0,1.0,267.15384615384613,1.0,27.666666666666668,1.0,13.333333333333334,1.0,return_rate
6,motion+deskew,5,30,19719,1.0,3,1.0,1.0,267.15384615384613,1.0,27.666666666666668,1.0,13.333333333333334,1.0,return_rate
7,clean,0,0,19728,0.9130434782608695,0,1.0,0.8333333333333334,330.6666666666667,1.0,18.0,1.0,7.333333333333333,1.0,return_rate
7,dropout,1,0.2,15848,0.8260869565217391,18,0.8035800677310111,0.8333333333333334,266.0833333333333,1.0,14.5,0.3333333333333333,4.333333333333333,0.8926967067445128,return_rate
7,dropout,2,0.4,11895,0.8260869565217391,15,0.6149008224479923,0.8333333333333334,203.5,0.875,10.625,0.6666666666666666,5.0,0.6700294880569145,return_rate
7,dropout,3,0.6,7875,0.6956521739130435,21,0.393807450411224,0.75,130.0,0.75,7.5,0.3333333333333333,2.6666666666666665,0.0,sector_coverage
7,dropout,4,0.8,3926,0.6086956521739131,28,0.18408321238509917,0.9166666666666666,60.833333333333336,0.375,3.375,0.0,1.3333333333333333,0.0,beam_coverage
7,dropout,5,0.9,1944,0.391304347826087,27,0.08659893565553943,0.75,28.666666666666668,0.0,1.625,0.0,0.3333333333333333,0.0,beam_coverage
7,gaussian_noise,1,0.02,19728,0.9130434782608695,1,1.0,0.8333333333333334,330.6666666666667,1.0,18.0,1.0,7.333333333333333,0.9927230236782273,ground_flatness
7,gaussian_noise,2,0.05,19728,0.9130434782608695,8,1.0,0.8333333333333334,330.6666666666667,1.0,18.0,1.0,7.333333333333333,0.902983081004801,ground_flatness
7,gaussian_noise,3,0.1,19728,0.9130434782608695,11,1.0,0.8333333333333334,330.6666666666667,1.0,18.0,1.0,7.333333333333333,0.613350355153497,ground_flatness
7,gaussian_noise,4,0.15,19728,0.6521739130434783,17,1.0,0.3333333333333333,330.6666666666667,1.0,18.0,1.0,7.333333333333333,0.2564319876433503,ground_flatness
7,gaussian_noise,5,0.25,19728,0.6521739130434783,82,1.0,0.3333333333333333,330.6666666666667,1.0,18.0,1.0,7.333333333333333,0.0,ground_flatness
7,beam_missing,1,0.2,16986,0.5652173913043478,3,0.8766328011611031,0.75,297.5,0.5,6.75,0.0,0.0,0.8260869565217391,beam_coverage
7,beam_missing,2,0.4,11076,0.5652173913043478,3,0.555878084179971,0.75,188.41666666666666,0.5,4.625,0.0,0.0,0.5652173913043478,beam_coverage
7,beam_missing,3,0.6,7700,0.34782608695652173,0,0.39937106918238996,0.6666666666666666,137.58333333333334,0.0,0.0,0.0,0.0,0.0,sector_coverage
7,beam_missing,4,0.75,3486,0.391304347826087,1,0.18722786647314948,0.75,63.083333333333336,0.0,2.125,0.0,0.0,0.0,sector_coverage
7,beam_missing,5,0.875,1400,0.0,0,0.0,0.0,0.0,0.0,0.0,0.0,0.0,0.0,sector_coverage
7,packet_loss,1,0.05,18648,0.9130434782608695,0,0.9903241412675375,0.8333333333333334,327.3333333333333,1.0,18.0,1.0,7.333333333333333,0.9722222222222222,sector_coverage
7,packet_loss,2,0.1,17613,0.9130434782608695,2,0.8657474600870827,0.8333333333333334,285.1666666666667,1.0,16.875,1.0,7.333333333333333,0.9722222222222222,sector_coverage
7,packet_loss,3,0.2,15736,0.9565217391304348,9,0.6925495887760039,1.0,225.5,0.875,16.875,1.0,7.333333333333333,0.8863878960961418,return_rate
7,packet_loss,4,0.3,13889,0.9130434782608695,7,0.7230285437832608,0.9166666666666666,236.75,0.875,16.375,1.0,5.666666666666667,0.7823488490645216,return_rate
7,packet_loss,5,0.5,9757,0.6086956521739131,12,0.5084663763909046,0.8333333333333334,169.91666666666666,0.5,7.25,0.0,1.6666666666666667,0.3888888888888889,sector_coverage
7,fog,1,0.005,17747,0.782608695652174,22,0.9136429608127722,0.6666666666666666,304.5833333333333,1.0,13.375,0.6666666666666666,5.0,0.5971150053530174,near_clutter
7,fog,2,0.01,16263,0.6521739130434783,17,0.8335752298016449,0.6666666666666666,279.3333333333333,0.75,10.75,0.3333333333333333,2.6666666666666665,0.07458648465842721,near_clutter
7,fog,3,0.02,13740,0.4782608695652174,18,0.7058538945331398,0.5,238.75,0.625,6.25,0.0,1.0,0.0,near_clutter
7,fog,4,0.03,11803,0.2608695652173913,15,0.5873246250604741,0.4166666666666667,200.5,0.125,2.625,0.0,0.3333333333333333,0.0,near_clutter
7,fog,5,0.06,8499,0.17391304347826086,21,0.3463957426221577,0.3333333333333333,119.0,0.0,0.5,0.0,0.0,0.0,near_clutter
7,motion_smear,1,5,19728,0.9130434782608695,0,1.0,0.8333333333333334,330.6666666666667,1.0,18.0,1.0,7.333333333333333,1.0,return_rate
7,motion_smear,2,10,19728,0.8260869565217391,2,1.0,0.75,330.6666666666667,0.875,18.0,1.0,7.333333333333333,1.0,return_rate
7,motion_smear,3,15,19728,0.782608695652174,3,1.0,0.6666666666666666,330.6666666666667,0.875,18.0,1.0,7.333333333333333,1.0,return_rate
7,motion_smear,4,20,19728,0.7391304347826086,4,1.0,0.5833333333333334,330.6666666666667,0.875,18.0,1.0,7.333333333333333,1.0,return_rate
7,motion_smear,5,30,19728,0.6521739130434783,8,1.0,0.5833333333333334,330.6666666666667,0.625,18.0,1.0,7.333333333333333,1.0,return_rate
7,motion+deskew,1,5,19728,0.9130434782608695,0,1.0,0.8333333333333334,330.6666666666667,1.0,18.0,1.0,7.333333333333333,1.0,return_rate
7,motion+deskew,2,10,19728,0.9130434782608695,0,1.0,0.8333333333333334,330.6666666666667,1.0,18.0,1.0,7.333333333333333,1.0,return_rate
7,motion+deskew,3,15,19728,0.9130434782608695,0,1.0,0.8333333333333334,330.6666666666667,1.0,18.0,1.0,7.333333333333333,1.0,return_rate
7,motion+deskew,4,20,19728,0.9130434782608695,0,1.0,0.8333333333333334,330.6666666666667,1.0,18.0,1.0,7.333333333333333,1.0,return_rate
7,motion+deskew,5,30,19728,0.9130434782608695,0,1.0,0.8333333333333334,330.6666666666667,1.0,18.0,1.0,7.333333333333333,1.0,return_rate
