corruption,severity,param,n_points,recall,fp,obj_pts,recall_0_20,pts_per_obj_0_20,recall_20_40,pts_per_obj_20_40,recall_40_60,pts_per_obj_40_60,health,recall_std,fp_std,health_std,flag_rate,worst_component,rel_recall_drop,verdict
clean,0,0.0000,19723.2500,0.9525,1.2500,1.0000,0.9311,325.3956,0.9821,26.5557,1.0000,10.2143,0.9770,0.0637,1.3919,0.0289,0.0000,ground_flatness,0.0000,ok
dropout,1,0.2000,15780.8750,0.9354,13.0000,0.7993,0.9311,259.7678,0.9821,21.2947,0.8571,8.3095,0.8889,0.0846,3.7749,0.0020,0.0000,return_rate,0.0180,ok
dropout,2,0.4000,11833.0000,0.9175,16.6250,0.6056,0.9311,196.5643,0.9509,16.4139,0.7143,5.8810,0.6665,0.0979,3.3143,0.0031,1.0000,return_rate,0.0367,false alarm
dropout,3,0.6000,7894.2500,0.8250,16.8750,0.3978,0.9014,129.6264,0.8404,11.0842,0.2857,3.4762,0.0000,0.1150,3.2186,0.0000,1.0000,sector_coverage,0.1338,caught
dropout,4,0.8000,3959.8750,0.6850,20.1250,0.2004,0.9022,65.3912,0.4632,5.2048,0.0000,2.0714,0.0000,0.1052,3.7894,0.0000,1.0000,beam_coverage,0.2808,caught
dropout,5,0.9000,1974.7500,0.4997,24.5000,0.0983,0.8116,32.3694,0.0670,2.4715,0.0000,0.8571,0.0000,0.0625,4.0620,0.0000,1.0000,beam_coverage,0.4754,caught
gaussian_noise,1,0.0200,19723.2500,0.9525,1.8750,1.0000,0.9311,325.3956,0.9821,26.5557,1.0000,10.2143,0.9719,0.0637,1.0533,0.0344,0.0000,ground_flatness,0.0000,ok
gaussian_noise,2,0.0500,19723.2500,0.9525,3.8750,1.0000,0.9311,325.3956,0.9821,26.5557,1.0000,10.2143,0.9037,0.0637,2.5218,0.0532,0.0000,ground_flatness,0.0000,ok
gaussian_noise,3,0.1000,19723.2500,0.9411,12.5000,1.0000,0.9014,325.3956,1.0000,26.5557,1.0000,10.2143,0.6182,0.0712,1.7321,0.0341,1.0000,ground_flatness,0.0120,false alarm
gaussian_noise,4,0.1500,19723.2500,0.7615,24.2500,1.0000,0.5876,325.3956,1.0000,26.5557,1.0000,10.2143,0.2497,0.0595,4.6301,0.0303,1.0000,ground_flatness,0.2006,caught
gaussian_noise,5,0.2500,19723.2500,0.6554,65.0000,1.0000,0.4513,325.3956,0.9708,26.5557,0.9048,10.2143,0.0000,0.0623,9.0277,0.0000,1.0000,ground_flatness,0.3119,caught
beam_missing,1,0.2000,16217.5000,0.9090,1.7500,0.8062,0.9207,259.7607,0.9196,21.8659,0.8571,9.1667,0.8207,0.1439,1.5612,0.0339,0.3750,beam_coverage,0.0456,ok
beam_missing,2,0.4000,10951.1250,0.8125,2.6250,0.5204,0.8614,168.6090,0.8055,11.3568,0.6190,5.1667,0.5000,0.1418,1.5762,0.1908,1.0000,beam_coverage,0.1470,caught
beam_missing,3,0.6000,8190.1250,0.7660,2.1250,0.3899,0.8429,123.7973,0.6964,10.2947,0.5238,4.9762,0.0000,0.2660,1.5360,0.0000,1.0000,sector_coverage,0.1958,caught
beam_missing,4,0.7500,4746.8750,0.5497,2.0000,0.2181,0.7241,70.8961,0.3246,4.0319,0.3095,2.7381,0.0000,0.2330,1.9365,0.0000,1.0000,sector_coverage,0.4229,caught
beam_missing,5,0.8750,2580.2500,0.5101,2.6250,0.1336,0.5640,41.3021,0.4728,6.7630,0.4286,3.5952,0.0000,0.3121,2.6897,0.0000,1.0000,sector_coverage,0.4644,caught
packet_loss,1,0.0500,18668.3750,0.9463,1.3750,0.9424,0.9311,305.8936,0.9571,24.5222,1.0000,10.0238,0.9720,0.0611,1.4087,0.0296,0.0000,ground_flatness,0.0066,ok
packet_loss,2,0.1000,17609.1250,0.9235,2.5000,0.8987,0.9311,292.4933,0.9125,25.2099,0.9286,9.6429,0.9574,0.0645,1.8708,0.0260,0.0000,sector_coverage,0.0305,ok
packet_loss,3,0.2000,15756.5000,0.9110,7.3750,0.7797,0.9519,254.9658,0.8384,20.4267,0.9048,9.3571,0.8805,0.0628,2.0578,0.0114,0.0000,return_rate,0.0436,ok
packet_loss,4,0.3000,13933.1250,0.8392,9.3750,0.6968,0.8838,226.0623,0.7483,21.8433,0.7857,7.8333,0.7773,0.1025,3.3143,0.0112,1.0000,sector_coverage,0.1190,caught
packet_loss,5,0.5000,9701.2500,0.7040,12.7500,0.4658,0.8412,153.6269,0.5213,11.4328,0.5000,5.0714,0.4638,0.0610,1.6394,0.0510,1.0000,sector_coverage,0.2609,caught
fog,1,0.0050,17789.0000,0.8941,21.0000,0.9019,0.8596,297.0757,0.9821,19.9387,0.7619,6.5952,0.5858,0.0904,3.0414,0.0434,1.0000,near_clutter,0.0613,false alarm
fog,2,0.0100,16171.3750,0.8078,25.5000,0.8102,0.8484,269.6187,0.9008,15.6051,0.1667,3.4048,0.0738,0.0952,5.5000,0.0496,1.0000,near_clutter,0.1519,caught
fog,3,0.0200,13643.1250,0.6280,22.6250,0.6646,0.7489,224.8429,0.5821,8.5295,0.0000,0.9762,0.0000,0.1020,2.8257,0.0000,1.0000,near_clutter,0.3407,caught
fog,4,0.0300,11807.8750,0.5140,20.0000,0.5475,0.6800,188.3349,0.3624,5.1771,0.0000,0.6429,0.0000,0.1290,3.0822,0.0000,1.0000,near_clutter,0.4604,caught
fog,5,0.0600,8458.5000,0.3236,20.2500,0.3089,0.5507,109.0645,0.0000,1.0478,0.0000,0.1429,0.0000,0.0685,3.2692,0.0000,1.0000,near_clutter,0.6602,caught
motion_smear,1,5.0000,19723.2500,0.9115,2.5000,1.0000,0.9207,325.3956,0.9708,26.5557,0.7143,10.2143,0.9784,0.0572,2.2361,0.0260,0.0000,ground_flatness,0.0430,ok
motion_smear,2,10.0000,19723.2500,0.8427,4.3750,1.0000,0.8718,325.3956,0.8509,26.5557,0.7143,10.2143,0.9829,0.0506,2.3419,0.0226,0.0000,ground_flatness,0.1153,SILENT FAILURE
motion_smear,3,15.0000,19723.2500,0.8139,5.1250,1.0000,0.8221,325.3956,0.8509,26.5557,0.7143,10.2143,0.9866,0.0628,2.7128,0.0191,0.0000,ground_flatness,0.1455,SILENT FAILURE
motion_smear,4,20.0000,19723.2500,0.7915,5.7500,1.0000,0.7732,325.3956,0.8759,26.5557,0.7143,10.2143,0.9887,0.0905,2.5372,0.0168,0.0000,ground_flatness,0.1691,SILENT FAILURE
motion_smear,5,30.0000,19723.2500,0.6202,10.3750,1.0000,0.6143,325.3956,0.6622,26.5557,0.6667,10.2143,0.9808,0.0604,2.4463,0.0297,0.0000,ground_flatness,0.3488,SILENT FAILURE
motion+deskew,1,5.0000,19723.2500,0.9525,1.2500,1.0000,0.9311,325.3956,0.9821,26.5557,1.0000,10.2143,0.9773,0.0637,1.3919,0.0285,0.0000,ground_flatness,0.0000,ok
motion+deskew,2,10.0000,19723.2500,0.9525,1.2500,1.0000,0.9311,325.3956,0.9821,26.5557,1.0000,10.2143,0.9779,0.0637,1.3919,0.0274,0.0000,ground_flatness,0.0000,ok
motion+deskew,3,15.0000,19723.2500,0.9525,1.2500,1.0000,0.9311,325.3956,0.9821,26.5557,1.0000,10.2143,0.9803,0.0637,1.3919,0.0261,0.0000,ground_flatness,0.0000,ok
motion+deskew,4,20.0000,19723.2500,0.9525,1.2500,1.0000,0.9311,325.3956,0.9821,26.5557,1.0000,10.2143,0.9807,0.0637,1.3919,0.0251,0.0000,ground_flatness,0.0000,ok
motion+deskew,5,30.0000,19723.2500,0.9468,1.5000,1.0000,0.9215,325.3956,0.9821,26.5557,1.0000,10.2143,0.9809,0.0612,1.3229,0.0248,0.0000,ground_flatness,0.0060,ok
